"per1","per2"
0.39628,0.40206
