"per1","per2"
0.39325,0.40068
