"per1","per2"
0.39537,0.40129
