"per1","per2"
0.39422,0.40034
