"per1","per2"
0.39523,0.39899
