"per1","per2"
0.39517,0.39856
