"per1","per2"
0.39411,0.40198
