"per1","per2"
0.39622,0.40091
