"per1","per2"
0.39415,0.40102
