"per1","per2"
0.39439,0.39997
