"per1","per2"
0.39494,0.39884
