"per1","per2"
0.39562,0.40084
