"per1","per2"
0.35805,0.33073
