"per1","per2"
0.35601,0.33084
