"per1","per2"
0.39395,0.40101
