"per1","per2"
0.35818,0.33306
