"per1","per2"
0.35797,0.33175
