"per1","per2"
0.39745,0.39725
