"per1","per2"
0.35511,0.33427
