"per1","per2"
0.39859,0.39722
