"per1","per2"
0.35887,0.33298
