"per1","per2"
0.35704,0.33183
