"per1","per2"
0.36303,0.32817
