"per1","per2"
0.36133,0.32843
