"per1","per2"
0.35757,0.33128
