"per1","per2"
0.39475,0.40242
