"per1","per2"
0.35619,0.33153
