"per1","per2"
0.35733,0.33433
