"per1","per2"
0.39545,0.40023
