"per1","per2"
0.39698,0.39993
