"per1","per2"
0.35922,0.33196
