"per1","per2"
0.35893,0.33109
