"per1","per2"
0.35842,0.33104
