"per1","per2"
0.39338,0.40104
