"per1","per2"
0.35978,0.33119
