"per1","per2"
0.35742,0.33413
