"per1","per2"
0.35932,0.33109
