"per1","per2"
0.39521,0.39984
