"per1","per2"
0.36028,0.33075
