"per1","per2"
0.35863,0.33378
