"per1","per2"
0.35883,0.33248
