"per1","per2"
0.35836,0.33316
