"per1","per2"
0.35803,0.33149
