"per1","per2"
0.35995,0.33375
