"per1","per2"
0.39468,0.40274
