"","per1","per2"
"2",0.406666666666667,0.409333333333333
