"","per1","per2"
"1",0.377333333333333,0.425333333333333
